{"cameraMode":{"drawMode":0,"name":"Shaded","section":"Shading Mode"},"sceneLighting":true,"audioPlay":false,"sceneViewState":{"m_AlwaysRefresh":false,"showFog":true,"showSkybox":true,"showFlares":true,"showImageEffects":true,"showParticleSystems":true,"showVisualEffectGraphs":true,"m_FxEnabled":true},"in2DMode":false,"pivot":{"x":2.2416610717773439,"y":-0.0015472173690795899,"z":-5.945405006408691},"rotation":{"x":0.001373878913000226,"y":0.9973272085189819,"z":-0.019450167194008828,"w":0.07042843103408814},"size":6.057744979858398,"orthographic":true}